"ｷｷﾒ5",
"ｸﾒ4",
"ｼ2ﾒ3",
"ﾖﾒ4",
"ﾖｺﾒ4",
"ｺｼﾒ3",
"ﾖ2ｼﾒ3",
"ﾖﾄﾒ5",
"ﾄｼｺﾄﾒ2",
"ｺﾚﾒ3",
"ｼﾒ4",
"ﾚｼﾒ3",
"ｸｷﾒ3",
"ﾂﾖﾒ4",
"ﾖﾖﾒ4",
"ｷｼﾒ4",
"ｼﾂﾒ3",
"ﾄﾒ4",
"ｷｼﾒ4",
"ｸﾒ5",
"ﾖｷﾚｼﾒ3",
"ﾄﾒｼﾒ3+ﾂﾒ4",
"ｸｼﾒ4",
"ﾂｸﾒ5",
"ﾄｼﾒ3",
"ﾖﾒｸﾒ4",
"ﾖﾖﾒ5",
"ﾖｺｼﾒ3",
"ﾂﾒ4",
"ﾒ",
"ｸｸｼｼ+ﾒ2",
"ﾚｷﾒ4",
"ﾖｸﾒ4",
"ｸﾒ4",
"ｸﾒ4",
"ｸﾒ4",
"ﾒ",
"ｷﾒ4",
"ﾒ3",
"ｷｼｼﾒ2",
"ｼﾒ4",
"ｸｸﾒ3",
"ｸｷﾒ3",
"ﾗﾒ4",
"ﾗｼﾒ3",
"ｷﾒ4",
"ｷｼﾒ3",
"ｷｷﾒ3",
"ｸﾒ4",
"ｸﾚﾒ3",
"ﾖﾂﾒ3",
"ﾚｼﾒ3",
"ｸｷﾒ3",
"ﾖﾚﾒ4",
"ｷｷﾒ3",
"ｸﾒ4",
"ｷﾒﾚﾚﾄ",
"ｷｸﾒ3",
"ﾖﾒ5",
"ｷｺｼﾒ3",
"ｷﾒ4",
"ｸﾂﾒ3",
"ﾖﾒｸﾒ3",
"ﾖﾒｷﾒ4",
"ｺﾄﾒ3",
"ﾗｺﾒ4",
"ｼｼﾒ3",
"ｸﾒ4",
"ﾖﾒ5",
"ｸﾒ4",
"ｷﾂｷﾒ4",
"ｼﾒ4",
"ｷ2ﾒ3",
"ﾄｼﾒ4",
"ﾚｷﾒ4",
"ﾖｺﾒ3",
"ｸｼﾒ5",
"ﾗｼﾒ3",
"ﾚｼﾒ4",
"ｷｼﾒ4",
"ﾂﾒ3",
"ﾖﾗﾒ3",
"ﾖﾒ4",
"ﾗｷｼﾒ3",
"ﾄﾒ4",
"ﾖｸﾒ4",
"ｸﾒ4",
"ﾚﾒ4",
"ﾖｼﾒ5",
"ｸｸﾒ3",
"ﾗﾒ4",
"ｷﾒ4",
"ﾗｼﾒ4",
"ｷﾒ5",
"ﾚﾖﾒ4",
"ｼｷﾒ4",
"ﾖｷｼﾒ3",
"ﾖｷｼﾒ3",
"ｼｷﾒ4",
"ｸｷﾗﾒ3",
"ﾚﾂﾒ4",
"ｷﾚｼﾒ3",
"ｸｼﾒ3",
"ﾂﾒ4",
"ﾄ2ｼﾒ3",
"ﾗﾚｼﾒ3",
"ﾖｸﾒ4",
"ﾖﾒ5",
"ﾚｼﾒ3",
"ﾗﾒ4",
"ｸﾒ4",
"ﾚｼﾒ3",
"ﾖﾖｼﾒ3",
"ﾖｼﾒ5",
"ﾗﾒ5",
"ﾗｼﾒ3",
"ｺﾒ5",
"ｼｷｼﾒ2",
"ﾗｷﾒ4",
"ｸﾚﾒ4",
"ｸﾒ4",
"ﾂﾒ5",
"ｸﾒ5",
"ｷｼﾒ4",
"ﾄﾒ4",
"ﾗｼﾒ3",
"ﾗｼﾒ3",
"ﾄﾒ5",
"ﾖｷﾂﾒ3",
"ｷｼﾒ4",
"ｸｼﾒ3",
"ﾖｼﾒ3",
"ｷﾒ4",
"ｼｺﾒ4",
"ﾖﾗﾒ3",
"ｸｷﾒ3",
"ｸﾗｼﾒ3",
"ﾖﾂｼﾒ3",
"ｷﾖﾒ4",
"ｷｷﾒ4",
"ﾗﾖﾒ4",
"ｸﾚﾒ4",
"ｸﾒ4",
"ﾖﾒ4",
"ｷﾒ3",
"ｷﾒ4",
"ﾖﾒ4",
"ﾖﾒ5",
"ﾖﾚｼﾒ3",
"ﾖﾒ5",
"ﾗﾚﾒ4",
"ﾗﾒ5",
"ﾄﾒ4",
"ﾖｼｸﾒ4",
"ﾖｸﾒ4",
"ﾖ2ｼﾒ4",
"ﾂﾚﾒ4",
"ｷﾒ5",
"ｼ2ﾒ4",
"ﾖｼﾒ4",
"ﾗｷﾒ4",
"ﾖﾒ5",
"ﾖﾒ5",
"ﾗﾒ4",
"ｷﾒ4",
"ｷｷﾖﾒ3",
"ﾖﾒ5",
"ｸﾒ4",
"ﾚﾒ4",
"ﾗｷﾒ4",
"ﾖｸﾒ4",
"ｷｼﾒ3",
"ｺﾒ4",
"ﾂﾒ4",
"ｼﾒ4",
"ｼﾖﾒ4",
"ﾚﾒ4",
"ｷﾒｼﾒ4",
"ｼｼﾒ3",
"ｺｼﾒ3",
"ﾖｺﾒ4",
"ｼﾒ3",
"ﾗｷﾒ3",
"ﾖﾚｼﾒ4",
"ﾗﾗﾒ4",
"ﾚﾒ4",
"ｸﾂﾒ3",
"ﾂｺﾒ4",
"ﾚｼ2ﾒ3",
"ｸﾒ5",
"ﾖﾒ5",
"ﾗﾒ5",
"ﾄﾒ4",
"ﾖｺﾒ4",
"ﾚﾖﾒ4",
"ﾗﾚﾒ4",
"ｼﾒ4",
"ｸﾖｼﾒ3",
"ｷﾒ5",
"ﾖﾂﾒ4",
"ﾂﾒ4",
"ﾚﾒ5",
"ﾖﾒ4",
"ｷﾒ5",
"ｺﾒ4",
"ﾚﾖﾒ3",
"ｷｼﾒ3",
"ﾂﾒ4",
"ﾚｼﾒ3",
"ﾚﾒ4",
"ﾖﾒ5",
"ﾖ2ｼ2ﾒ2",
"ﾖｸﾒ4",
"ｼｺﾒ4",
"ｷ3ﾒ4",
"ｷｸｼﾒ3",
"ｸﾒ4",
"ﾖﾚﾒ3",
"ﾄｸﾒ4",
"ﾖｷﾖｺﾒ3",
"ｷｼﾒ3",
"ﾂﾒ4",
"ｺﾒ3",
"ｼｼﾒ4",
"ﾂﾒ4",
"ﾂﾒ4",
"ﾖﾒ4",
"ｸﾂﾒ3",
"ｸﾒ4",
"ﾖﾒ4",
"ｷﾒ4",
"ﾖﾒ4",
"ﾗﾒ4",
"ｷﾒ4",
"ｷｼﾒ3",
"ﾖｺﾒ4",
"ｸﾂﾒ5",
"ﾖ2ｼﾒ3",
"ﾖﾄﾒ5",
"ｷｺﾒ4",
"ﾖﾚﾒ3",
"ﾂﾒ4",
"ﾚｷﾒ3",
"ﾖﾒ4",
"ﾄｸﾒ3",
"ｼﾒ3",
"ﾖｼﾒ3",
"ｼﾒ4",
"ｷﾂﾒ4",
"ﾖﾖﾒ4",
"ﾖｼﾒ3",
"ｼﾒ3",
"ｼﾒ4",
"ｸﾒ4",
"ﾖﾖﾒ4",
"ﾗｼﾒ3",
"ﾗｼﾒ3",
"ｺｼﾒ3",
"ﾖｼﾒ3",
"ｸﾚﾒ5",
"ﾂﾖﾒ4",
"ﾚｼﾒ3",
"ﾖ2ﾒ4",
"ｼﾒ5",
"ﾖﾒ5",
"ﾖﾒ4",
"ｸﾒ3",
"ｼﾒ3",
"ﾖﾖﾒ3",
"ﾖﾒ3",
"ﾗﾒ4",
"ｺﾒ4",
"ﾖｷﾒ4",
"ｼｸｼﾒ3",
"ｷｷﾒ4",
"ｼﾒ4",
"ﾖﾒ6",
"ｼﾂﾒ3",
"ﾖｸｼﾒ3",
"ｷﾂﾒ3",
"ﾗｸﾒ4",
"ﾚｼﾒ3",
"ﾗﾒ4",
"ｸﾒ4",
"ｸｼﾒ3",
"ﾖﾂﾒ4",
"ﾖｸﾒ4",
"ﾖﾒ5",
"ﾚﾒ4",
"ｸﾂﾒ3",
"ｷﾒ4",
"ﾗﾒ4",
"ｷﾒ4",
"ﾚﾒ4",
"ｸﾚﾒ4",
"ﾗﾚﾒ4",
"ｷﾒ4",
"ﾂﾒ4",
"ﾂｸﾒ4",
"ｷﾒ4",
"ﾖﾒ4",
"ﾖｺｼﾒ4",
"ｺｼﾒ3",
"ﾚｼﾒ3",
"ﾖﾚﾒ3",
"ｷﾒ4",
"ﾖﾒ4",
"ﾖﾗﾂﾚｺｷ",
"ﾗｼﾒ4",
"ｼﾒ4",
"ﾂﾒ4",
"ﾖｷﾒ4",
"ｺﾒ4",
"ｷﾖﾒ4",
"ｺﾒ5",
"ﾖｷﾒ4",
"ﾂﾒ4",
"ﾚﾒ4",
"ﾂﾒ4",
"ﾄﾗﾒ3",
"ﾖﾒ5",
"ﾖﾒ4",
"ﾖﾒ4",
"ｼﾒ3",
"ｷｼﾒ3",
"ｸﾒ3",
"ｺﾒ4",
"ﾗｼﾒ3",
"ﾗｼﾒ3",
"ｸﾚﾒ3",
"ｸﾒ4",
"ｺｼﾒ4",
"ﾗﾗﾒ4",
"ｸﾒ5",
"ｺｼﾒ3",
"ｷﾒ6",
"ﾖﾂﾖﾒ4",
"ﾚｼﾒ3",
"ﾖﾒ6",
"ﾂｼﾒ3",
"ﾖﾗｼﾒ3",
"ﾗｷﾒ3",
"ﾚﾒ5",
"ﾖｷｼﾒ3",
"ｼﾒ4",
"ﾂｼﾒ4",
"ﾖｼﾒ3",
"ｸｸﾒ4",
"ｸｼﾒ4",
"ﾂｺﾒ4",
"ｷｼﾒ3",
"ｸｼﾒ3",
"ｼｼﾒ3",
"ｷﾚﾒ3",
"ｸﾒ4",
"ｼﾒ4",
"ﾖﾒ4",
"ﾖﾒ4",
"ﾗﾒ4",
"ﾖﾂﾒ4",
"ﾖﾗﾒ4",
"ｸｺｼﾒ2",
"ﾖﾖﾒ3",
"ｺｼﾒ3",
"ｸｺｼﾒ2",
"ﾗﾒ4",
"ﾖﾒ5",
"ｷﾒ3",
"ﾚｼﾒ3",
"ｷｸﾒ4",
"ﾖﾚｼﾒ4",
"ｺﾒ3",
"ｼﾂﾒ4",
"ﾖﾒ5",
"ﾗﾒ4",
"ﾚﾒ3",
"ｺﾒ3",
"ｷﾂﾒ4",
"ｼﾒﾖｼﾒ2",
"ｺﾒ5",
"ｺｼﾒ3",
"ﾖｸﾒ3",
"ﾖｸﾒ3",
"ﾗﾒ4",
"ﾗﾒ4",
"ﾚﾒ4",
"ｷﾚﾒ4",
"ｷﾖﾒ5",
"ｷｼﾒ4",
"ｸｼﾒ3",
"ﾄｼﾒ2",
"ｼ2ﾒ3",
"ｷｼﾒ3",
"ﾖｼﾒ3",
"ﾖｺﾒ4",
"ｼﾒ5",
"ﾖﾒ6",
"ﾖﾒ5",
"ﾂｼﾒ3",
"ﾖｺﾒ4",
"ｸﾒ5",
"ﾖｼﾒ4",
"ﾚﾒ4",
"ﾖｼﾒﾒﾄﾚｷ",
"ｸｼﾒ3",
"ｺﾒ4",
"ｸｺｼﾒ2",
"ｷｼﾒ3",
"ｼ2ﾒ4",
"ﾖｼﾒ3",
"ﾚﾒ4",
"ﾖﾒ3",
"ｼﾒ4",
"ｺﾒ4",
"ﾖﾒ4",
"ﾗﾒ4",
"ｷﾒ4",
"ｼｷﾒ3",
"ﾂｼﾒ4",
"ﾚｸﾒ4",
"ﾖﾚﾚﾒ4",
"ｼｼﾒ4",
"ｼｸﾒ4",
"ﾄﾒ4",
"ｸｺｼﾒ2",
"ｸｺｼﾒ2",
"ｸｺｼﾒ2",
"ｷｺﾒ4",
"ﾖ2ﾒ3",
"ｷﾄｼﾒ3",
"ﾖｼﾒ4",
"ﾚｼﾒ3",
"ｷｺﾒ4",
"ﾗﾒ4",
"ｷﾖｼﾒ4",
"ｼ2ﾒ4",
"ｷｼﾒ4",
"ｷｼﾒ3",
"ﾖﾖﾒ4",
"ｼｺﾒ4",
"ｷﾄﾒ4",
"ｷﾒ4",
"ﾖﾒ5",
"ﾖﾂﾒ4",
"ｼﾒ4",
"ﾖｷﾒ4",
"ｸｷﾒ4",
"ｸｷﾒ4",
"ｼﾒ3",
"ｸﾚｸﾒ4",
"ｺﾒ5",
"ﾖﾂﾒ5",
"ﾖｼﾒ5",
"ﾖ2ｼﾒ3",
"ﾚﾚﾒ3",
"ｼﾂﾒ3",
"ﾚｼﾒ3",
"ﾚｼﾒ3",
"ﾚｼﾒ3",
"ﾚｼﾒ4",
"ｺﾒ4",
"ﾖﾗｼﾒ4",
"ﾚｼﾒ4",
"ﾖﾒ4",
"ﾖｸﾒ4",
"ｷﾒ4",
"ｼﾒ4",
"ｺｼﾒ2",
"ﾄﾒ5",
"ｸﾚﾒ4",
"ｼｼﾒ4",
"ﾗﾒ3",
"ｸﾖﾒ5",
"ﾗｼﾒ4",
"ｸﾒ4",
"ｺｼﾒ3",
"ﾖﾂﾒ4",
"ﾖ2ｼ2ﾒ2",
"ﾖﾒﾚﾒ3",
"ﾖｼﾒ3",
"ｸｸﾒ3",
"ｸﾚﾒ4",
"ﾄﾒ4",
"ｼｸﾒ3",
"ﾂﾒ4",
"ﾚｼﾒ4",
"ｸﾂｷﾒ3",
"ﾖｺﾒ4",
"ﾖﾖｺﾒ3",
"ｸﾒ4",
"ﾖﾖﾒ5",
"ﾄﾖﾒ4",
"ﾄｺｼﾒ3",
"ｼﾖﾒ4",
"ﾂﾒ4",
"ｸﾒ4",
"ｼﾒ4",
"ｼﾒ4",
"ﾗﾚｼﾒ4",
"ﾗﾂﾒ4",
"ﾖｼﾒ3",
"ｺｼﾒ3",
"ﾚﾚﾒ3",
"ｷﾒ4",
"ﾖｼﾒ3",
"ﾖﾒﾖﾒ4",
"ｼﾒ3",
"ﾖﾒｼｼﾒ3",
"ｼﾒ4",
"ﾖﾒ4",
"ｸﾒ5",
"ﾄﾒ4",
"ｺｼﾒ3",
"ｼﾒ4",
"ﾖﾂﾒ4",
"ﾖｷﾒ4",
"ﾖﾒ5",
"ﾂﾒｼﾒ4",
"ｸﾒ4",
"ﾗﾗﾒ4",
"ｺｷﾒ4",
"ｺｼﾒ3",
"ﾖﾖﾒ3",
"ﾖﾖｼﾒ4",
"ｼﾒ4",
"ｷﾒ4",
"ｼﾒ4",
"ﾒ",
"ﾂｷﾄﾒ2",
"ｼﾖﾒ3",
"ｺﾚﾒ4",
"ﾗｷﾒ3",
"ｸｺﾒ4",
"ﾗｼﾒ4",
"ﾂｼﾒ3",
"ﾂﾒ5",
"ﾚﾂﾒ4",
"ﾖｷﾒ5",
"ｺﾖﾒ3",
"ﾂﾒ5",
"ﾖﾒ4",
"ｸｺﾒ4",
"ﾖﾂﾒ4",
"ｷｷﾒ5",
"ﾚﾚﾒ4",
"ﾗﾒ5",
"ﾖｷﾒ4",
"ｼﾒ4",
"ｼ2ﾒ3",
"ｼﾒ3",
"ﾗﾒ4",
"ﾄﾒ4",
"ﾖｷﾒ4",
"ｸｼﾒ2",
"ｺﾒ5",
"ｺﾒ4",
"ｷｼﾒ3",
"ｷﾒ5",
"ｷﾒ5",
"ｷﾄﾒ5",
"ｷﾗﾒ4",
"ｸｷﾒ4",
"ｺｸﾒ4",
"ﾖﾚｸﾒ4",
"ﾚｼ2ﾒ4",
"ｺﾒ4",
"ﾗﾒ4",
"ｸｼﾒ3",
"ｺｼﾒ4",
"ﾖﾂｼﾒ4",
"ｷ2ﾒ4",
"ﾖｷﾒ4",
"ﾚﾒ5",
"ｸﾒ5",
"ｸﾒ4",
"ｷﾖﾒ4",
"ﾖｺﾒ4",
"ｸﾖﾒ4",
"ｷﾖﾒ4",
"ｸﾂﾒ4",
"ｷﾂﾒ4",
"ﾖﾂﾒ4",
"ﾗﾒ5",
"ｼﾒ4",
"ﾚﾒ4",
"ﾚﾒ5",
"ﾗﾒ5",
"ｸｼﾒ4",
"ｸﾒ5",
"ｸﾚﾖｷﾒ",
"ｷｼﾖﾒ3",
"ﾗﾒ4",
"ｺﾒ4",
"ｷﾒ4",
"ﾖｷﾒ5",
"ｷｺﾒ3",
"ｼﾚﾒ4",
"ﾚﾖﾒ3",
"ﾖｸﾒ4",
"ｸﾂﾒ4",
"ｸｼﾒ4",
"ｷｺｼﾒ4",
"ﾚﾒ5",
"ﾗﾒ5",
"ｺｼﾒ4",
"ｺｺﾒ4",
"ｺｼﾒ4",
"ｷﾒ5",
"ｺﾒ4",
"ﾂﾒ4",
"ｺﾒ5",
"ﾄﾖﾒ3",
"ｷﾖﾒ4",
"ﾖﾒ5",
"ﾖﾚﾒ4",
"ﾗｼﾒ4",
"ｺｷﾒ4",
"ﾖﾗﾖﾒ4",
"ｸｼﾒ4",
"ｺｼﾒ4",
"ﾖｼﾒ4",
"ﾖﾒ5",
"ｼﾒ4",
"ｷﾒ4",
"ｷﾒ4",
"ﾂﾒ6",
"ｸﾒ4",
"ﾗｷﾒ4",
"ﾖﾗﾒ5",
"ﾖｼﾒ4",
"ｷﾒ5",
"ｼﾒ3",
"ｸｼﾒ3",
"ｷﾒ4",
"ｸﾒ5",
"ｸｼﾒ4",
"ｺｼﾒ4",
"ﾄﾒ4",
"ｸﾒ3",
"ｺﾂﾒ4",
"ﾗｼﾒ4",
"ｸｼﾒ4",
"ｸﾒ4",
"ﾂﾒ4",
"ｼﾒ4",
"ﾗﾗﾒ4",
"ﾗﾚﾒ4",
"ﾖｼﾒ4",
"ﾂﾒ5",
"ｸｼﾒ3",
"ｸﾒ5",
"ｺ2ﾒ4",
"ｼﾒ4",
"ﾗﾒ6",
"ﾖｼﾒ4",
"ﾖ2ﾒ4",
"ｷｼﾒ3",
"ﾗｷﾒ4",
"ｼｷﾒ4",
"ﾖｸﾒ4",
"ｸｺﾒ4",
"ﾖｷﾒ4",
"ﾂﾒ4",
"ｷｼﾒ4",
"ｷｺﾒ4",
"ﾖｷﾒ4",
"ｸｼﾒ4",
"ｷﾒ5",
"ﾗﾒ4",
"ｺｼﾒ3",
"ｸｼﾒ3",
"ｸﾒ4",
"ﾚﾒ5",
"ﾖｼｸﾒ4",
"ｼﾒ5",
"ｼﾒ4",
"ﾗﾒ4",
"ｼﾒ4",
"ｼﾒ5",
"ﾚﾒ4",
"ｼﾖﾒ4",
"ﾂﾒ5",
"ｼﾒ6",
"ﾖｸﾒ5",
"ﾖﾚﾒ3",
"ﾖﾒｼﾒ4",
"ﾚﾂﾒ4",
"ﾗﾒ4",
"ｼｷﾒ4",
"ﾖｷﾒ3",
"ｸﾒ4",
"ﾖｷﾒ4",
"ｷｸﾒ4",
"ﾚｷﾒ4",
"ｼﾗﾒ4",
"ｷｷﾒ4",
"ｷﾚﾒ4",
"ｷ2ﾒ4",
"ｸ2ﾒ4",
"ﾖｷｸﾒ4",
"ﾖｸﾒ5",
"ﾖﾗﾒ6",
"ｸｼﾒ4",
"ｸｼﾒ4",
"ﾚﾒ4",
"ｸﾒ4",
"ﾖｼﾖﾒ4",
"ｸｷﾒ3",
"ｸｼﾒ4",
"ﾖﾚﾒ4",
"ﾖｼﾒ4",
"ｷｼﾒ5",
"ｸﾗﾒ4",
"ｼﾒ5",
"ﾂｺﾒ4",
"ｷｼﾒ5",
"ﾖﾚﾒ4",
"ｷｼﾒ3",
"ｼﾒ5",
"ﾂﾒ5",
"ｺﾒ5",
"ﾗｼﾒ4",
"ｸｼﾒ4",
"ｺｼﾒ4",
"ｸｼﾒ4",
"ｷﾄﾒ4",
"ｼﾒ4",
"ｸｷﾒ4",
"ｸﾒ5",
"ｸﾒ4",
"ｼﾒ4",
"ｷﾒ5",
"ﾖﾗﾒ4",
"ﾗﾚﾒ4",
"ﾖﾒ4",
"ﾖ2ﾒ4",
"ﾄﾒ4",
"ｼｼﾒ3",
"ﾗﾒｸﾒ4",
"ｷｼﾒ3",
"ｷﾒ4",
"ｷｸﾄﾒ3",
"ﾖﾒ5",
"ｷｼﾒ3",
"ｷﾖﾒ4",
"ｷﾖﾒ5",
"ﾚﾒ4",
"ﾖﾒ5",
"ｷﾂｼﾒ4",
"ｺﾒ4",
"ｺﾒ4",
"ﾖｼﾒ3",
"ﾗﾚﾒ4",
"ｸｸﾒ4",
"ｷ2ﾒ4",
"ﾗｺﾄﾒ3",
"ｸﾒ5",
"ｺﾒ4",
"ｸﾒ5",
"ｷｺﾒ4",
"ﾖｸﾒ4",
"ｸﾂﾒ4",
"ﾖｼﾒ3",
"ｸﾒ4",
"ｷﾂﾒ4",
"ｼ2ﾒ2",
"ｷﾒ5",
"ﾗﾂﾒ4",
"ﾖｼﾒ4",
"ﾖﾒ3",
"ｼﾒ6",
"ｼｼﾒ4",
"ﾖｼﾒ4",
"ｸｷﾒ5",
"ｷｺﾒ5",
"ｷｼﾒ4",
"ﾖﾒ5",
"ｷﾗﾒ5",
"ﾗﾒ5",
"ｸﾂﾒ4",
"ﾗｼﾒ4",
"ｷﾒ5",
"ﾚﾒ4",
"ｸﾒ3",
"ﾚｼﾒ3",
"ﾗﾂﾒ4",
"ﾖｼﾒ4",
"ﾖﾒ5",
"ｼﾒ4",
"ﾗﾒ4",
"ﾂﾒ4",
"ﾗｼﾒ4",
"ﾗﾒ4",
"ﾂﾒ4",
"ｺﾒ4",
"ﾖﾒ6",
"ｷﾚｼﾒ3",
"ﾗﾒ5",
"ﾖﾖｼﾒ3",
"ﾄﾒ4",
"ｷﾂﾒ5",
"ｷｼﾒ4",
"ｸﾂﾒ4",
"ｸﾚｼﾒ4",
"ﾗﾒ4",
"ﾖｺﾒ4",
"ﾂﾒ4",
"ｺﾒ4",
"ﾂｼﾒ3",
"ｷﾒ4",
"ﾂﾒ4",
"ﾗｼｼﾒ4",
"ｷﾒ4",
"ﾖﾄﾚﾗﾂﾒ",
"ｷﾄﾂﾗﾚﾒ",
"ﾂﾒ3",
"ｼﾒ3",
"ﾗｼﾒ5",
"ﾖﾄﾒ5",
"ﾗｼﾒ4",
"ﾗｼﾒ4",
"ｼｷｼﾒ4",
"ﾖﾄｸﾒ3",
"ﾗｺﾒ5",
"ｼｷﾒ4",
"ｷﾂｼﾒ4",
"ｼｷｸﾒ4",
"ﾗｼｺﾒ4",
"ﾗｼｺﾒ4",
"ﾗｼｺﾒ4",
"ﾖﾒ3",
"ｼﾒ4",
"ﾗﾒ4",
"ﾗｷﾒ5",
"ﾖﾒ4",
"ｼﾒ4",
"ﾗﾒ4",
"ﾖｷﾒ3",
"ｸﾒ4",
"ｸﾒ4",
"ﾄﾒ4",
"ｷｼﾒ4",
"ﾄﾒ5",
"ｸﾒ4",
"ﾗﾗｼﾒ4",
"ﾗﾒ4",
"ﾗｷｼﾒ4",
"ｷｼﾒ5",
"ｸﾒ3",
"ｸﾒ4",
"ﾒ",
"ﾗﾒﾚﾒ4",
"ﾚﾒ5",
"ﾂﾒ4",
"ﾄｷﾒ3",
"ｷﾒ3",
"ｺｷﾒ5",
"ﾗﾗｼﾒ4",
"ﾗﾗﾒ5",
"ﾖﾄｺﾒ4",
"ｼﾒ6",
"ｷﾒ4",
"ｼﾒ4",
"ｼﾖｸﾒ2",
"ｸﾖﾒ2",
"ｷﾒ3",
"ｷﾒ3",
"ｷﾒ3",
"ｷﾒ3",
"ｷｸﾒ5",
"ｼｼﾒ4",
"ﾖﾂﾚﾖ2ﾒ",
"ﾄﾗﾒｷﾒ",
"ﾖﾒｸｷﾒ2",
"ﾗﾒ6",
"ﾗﾄﾒ3",
"ｸ2ﾒ4",
"ﾗﾒ4",
"ﾄﾂｷｸﾒ",
"ｷﾒ4",
"ﾗﾒ3",
"ﾖ2ｺ2ﾒ",
"ｼｼﾒ5",
"ｺﾒ6",
"ﾗｸﾒ5",
"ﾖﾗｼﾒ4",
"ﾗﾒ6",
"ｼﾂﾒ5",
"ｷﾂﾒ4",
"ﾂﾒ4",
"ﾗｺﾒ4",
"ｼｺﾒ4",
"ｷｺﾒ4",
"ｸ2ﾒ4",
"ﾖﾂﾒ4",
"ﾖｷｼﾒ4",
"ﾖﾂﾒ4",
"ｷﾒ6",
"ﾗｼﾒ4",
"ｷﾗﾒ5",
"ｷﾒ4",
"ﾗ4ﾒ",
"ﾖｷﾖﾒﾒ",
"ｷﾒ4",
"ﾗｺﾒ5",
"ｷﾖﾒ5",
"ｼﾗﾗﾒ2",
"ｷｺｼﾒ4",
"ﾖﾂ2ﾖｸﾒ",
"ｷﾒ3",
"ｼﾒ4",
"ｸﾒ4",
"ｷﾒ4",
"ﾂﾒ4",
"ﾖﾒ4",
"ﾖﾒ4",
"ﾖﾒ4",
"ｸﾖﾒ5",
"ｷﾂﾒ4",
"ｷﾚｼﾒ4",
"ﾄｼﾒ3",
"ﾖﾒｼﾒ4",
"ﾖﾂﾒ5",
"ﾗﾒ5",
"ﾗｼﾒ3",
"ｷｸﾒ4",
"ｼｺﾒ4",
"ﾖｸﾒ5",
"ｷｷﾒ4",
"ﾖﾗｼﾒ4",
"ｺﾒ4",
"ｷﾒﾒﾚﾒ3",
"ﾖﾒ4",
"ﾖﾒ4",
"ｷｼﾒ3",
"ｷｼﾒ3",
"ｷｼﾒ3",
"ｷﾒ4",
"ﾖｸﾒ3",
"ｼﾒ4",
"ｷﾒ4",
"ﾖﾒ5",
"ﾗﾒ4",
"ﾖﾒ5",
"ﾗｺﾒ3",
"ｷﾒ4",
"ｷﾒ4",
"ｷﾗﾒ4",
"ﾂﾚﾒ4",
"ｷﾒ5",
"ﾚﾒ5",
"ｷｼﾒ4",
"ﾚﾒ4",
"ｸﾒ2ｼﾗﾒ",
"ﾗﾒ5",
"ﾖﾚﾒ4",
"ﾚｼﾒ4",
"ｸﾒ5",
"ﾖﾂﾒ5",
"ｼﾒ5",
"ﾖﾄﾖﾒ4",
"ﾂﾒ3",
"ﾖﾒ6",
"ﾄﾒ5",
"ﾂｼﾒ4",
"ｸﾂﾒ4",
"ﾗﾂﾒ4",
"ｷﾂﾒ5",
"ﾖﾂﾒ4",
"ﾖｺﾒ4",
"ﾖｼﾒ4",
"ﾖﾂﾒ4",
"ﾖﾂﾒ3",
"ﾖﾄﾒ4",
"ﾖｼｺﾒ3",
"ｼﾒ4",
"ﾖｺﾒ4",
"ｷﾂﾂﾒ4",
"ｷﾂﾂﾒ4",
"ｸｼﾒ4",
"ﾖｺﾒ5",
"ﾖｷﾒ3",
"ﾗｼﾒ5",
"ﾗﾗﾒ5",
"ｼｼﾒ4",
"ｼｼﾒ4",
"ｼｼﾒ4",
"ﾗﾒ5",
"ﾗｼﾒ4",
"ｸｼﾒ4",
"ﾗﾒ3",
"ﾗｸﾒ4",
"ﾗﾖﾗｼﾒ2",
"ｷｼﾒ3",
"ﾖﾖﾒ4",
"ﾖｸｸﾒ4",
"ﾗﾒ4",
"ｷﾒ4",
"ｸﾒ4",
"ﾖﾒ4",
"ﾖﾂﾒ3",
"ﾗｸﾒ4",
"ｸﾒ4",
"ﾖﾒﾚﾒ4",
"ｷﾒ4",
"ﾗﾒ4",
"ﾖｼﾒ3",
"ﾖｼﾒ3",
"ｸｷﾒ4",
"ｷﾖﾒ4",
"ﾖﾒ6",
"ﾖﾖﾒ5",
"ﾗﾒ5",
"ﾖﾒ4",
"ﾗﾒ4",
"ﾖｸﾂﾚﾒ3",
"ﾖﾒ4",
"ﾖﾚﾒ4",
"ﾗﾖﾒ3",
"ｷｺｷﾒ4",
"ﾗｼﾒ4",
"ｸｼﾒ4",
"ﾂﾖﾒ4",
"ｺﾒ6",
"ｸｷﾗｼﾒ2",
"ｸﾒ4",
"ｼﾒ5",
"ｼﾒｼﾒ3",
"ﾂﾒ4",
"ｺﾒ4",
"ｷｷｼﾒ4",
"ﾂﾖﾒ4",
"ｷﾄﾒ4",
"ｷﾒ5",
"ｷﾗﾒ4",
"ﾗﾄｸﾒ4",
"ﾗﾄｸﾒ4",
"ﾗﾄﾒ5",
"ｼﾒ4",
"ﾖﾂｼﾒ4",
"ﾖﾄﾒ4",
"ｷﾄﾒ5",
"ｼﾒ4",
"ﾗﾚﾒ4",
"ｷｼﾒ3",
"ﾗﾗﾒ5",
"ｷｺﾒ5",
"ﾖﾒ4",
"ﾂﾒ4",
"ﾄﾚﾒ4",
"ﾄﾒ5",
"ﾖﾂﾒ4",
"ｷｺﾒ4",
"ﾖﾗﾂﾒ4",
"ｷｼﾒ5",
"ﾄﾒ5",
"ﾖﾒｷﾒ4",
"ﾖﾗﾒ4",
"ﾖﾒ6",
"ｸﾒ3",
"ｸﾒ3",
"ﾗﾒ4",
"ﾖﾂﾂﾒ4",
"ｼﾖﾚﾂﾖﾒ",
"ｷｺﾒ4",
"ﾂﾖﾒ5",
"ﾗﾂﾒ5",
"ﾂﾒ4",
"ﾚﾒ3",
"ｸﾒﾂﾗﾖﾒ",
"ﾗｷﾒ5",
"ｺﾒ4",
"ﾗﾒ4",
"ｸﾖﾒ5",
"ﾖｷﾒｼﾒ3",
"ﾖｼﾒ4",
"ﾄｸﾒ4",
"ﾗﾒ4",
"ﾚｼﾒ3",
"ﾂｼﾒ3",
"ｺｼﾒ3",
"ｺﾒ6",
"ｼﾂﾒ5",
"ｷｼﾒ5",
"ｷﾗﾒ5",
"ﾖｸﾒ4",
"ﾖﾒ4",
"ﾗｺﾒ5",
"ｸﾒ4",
"ﾖﾒｼ3ﾒ",
"ｼﾒ3",
"ﾄﾒ4",
"ｸﾒ4",
"ﾖﾒ5",
"ﾗﾗﾒ5",
"ｺﾚﾒ3",
"ｺ2ﾒ3",
"ﾖﾚｺﾒ4",
"ﾚｷｼﾒ3",
"ﾚｼﾒ3",
"ｷﾂﾒ4",
"ﾖｺｼﾒ4",
"ｺﾒ4",
"ｼﾒ3",
"ｸｼﾒ3",
"ﾚﾖﾒ3",
"ﾗｸﾒ4",
"ｸﾒﾗﾗﾗﾒ",
"ﾖﾖﾒ5",
"ｼｸﾒ4",
"ﾒ",
"ﾒ",
"ﾒ",
"ﾒ",
"ﾒ",
"ｷﾒ4",
"ﾒ",
"ﾒ",
"ﾒ",
"ｷﾒ4",
"ﾖﾗｼﾒ3",
"ﾖｸﾒ4",
"ﾂｼﾒ3",
"ﾖｸﾒ3",
"ﾖﾒ5",
"ﾖｼｼﾒ3",
"ｼﾒ5+ｷﾒ5",
"ｺｷﾒ3",
"ｼﾒ4",
"ｼﾄﾒ3",
"ﾗｺﾒ3",
"ﾖﾂﾒ4",
"ｷｷﾒ4",
"ﾖｺﾒ4",
"ﾗｷﾒ3",
"ﾖﾖﾂﾒ3",
"ﾖﾒ4",
"ﾖﾗｸﾖﾒ2",
"ｼﾒ4",
"ｷﾒ5",
"ﾖﾗﾂﾒ3",
"ﾂﾒ3",
"ﾖｼﾒ3",
"ﾚｼﾒ3",
"ｸﾒ3",
"ｷﾒ5",
"ﾗｼﾒ3",
"ｼﾒ3",
"ｷﾒ6",
"ｸｺﾒ3",
"ﾂﾒ5",
"ｷﾖﾒ4",
"ｼｼﾒ4",
"ﾗﾒ4",
"ｺﾒ4",
"ｸｺﾒ3",
"ﾄﾚﾒ3",
"ｸｺﾒ3",
"ｷｼﾒ4",
"ｸﾖﾒ4",
"ｸﾒ4",
"ｸﾒ4",
"ｷﾗﾒ3",
"ﾗﾂｼﾒ2",
"ﾖﾒ5",
"ｷﾄｼ+ﾒ4",
"ﾖﾂﾒ4",
"ﾖｼﾒ3",
"ﾖｼﾒ3",
"ｼﾒ4",
"ｼｼﾒ3",
"ﾚｼﾒ3",
"ﾖﾄﾒ5",
"ﾂﾗﾒ5",
"ﾂﾒ6",
"ﾖｷﾒ4",
"ｷｷｼﾒ2",
"ｸﾒ3",
"ｷﾒ4",
"ｸﾒ4",
"ｷﾒ5",
"ﾖﾂﾒ4",
"ｺｷﾒ4",
"ｷﾒ5",
"ﾖｺｸﾒ4",
"ｺﾖ+ﾒ5",
"ﾖｼｼﾒ2",
"ｸﾚﾒ4",
"ｷｼﾒ4",
"ﾖﾖﾒ4",
"ﾄｺﾒ4",
"ｷｼｼﾒ3",
"ﾖｼﾒ3",
"ﾚﾒ4",
"ｼｸﾒ3",
"ｷﾒ4",
"ｼﾒ4",
"ｸﾂﾒ4",
"ｼﾒ4",
"ｷﾒ4",
"ﾗﾒ3",
"ﾗﾒ4",
"ｷｷﾒ4",
"ｷｸﾒ3",
"ﾖﾒｸﾒ4",
"ﾗﾒ4",
"ﾖｼﾖﾒ3",
"ｼﾒ3",
"ｸﾒ4",
"ｷﾒ5",
"ﾖﾚﾒ4",
"ﾗｸ+ﾒ4",
"ｸﾒ5",
"ｼﾒ4",
"ｺﾒ5",
"ｷﾗﾒ4",
"ﾖﾗﾒ4",
"ﾖｼﾒ3",
"ﾗﾒ5",
"ｸｼﾒ3",
"ｷﾒ3",
"ｸﾒ4",
"ｸﾗﾒ5",
"ﾂﾒ3",
"ｷﾒ4",
"ｷｷﾒ3",
"ﾂﾒ4",
"ﾖﾗﾒ4",
"ﾖｷﾒ5",
"ｼﾄﾒ4",
"ﾂﾒ5",
"ｷﾒ4",
"ﾖｼﾒ3",
"ﾖｷﾒ3",
"ﾖｼﾒ3",
"ﾖﾒ4",
"ｺｼﾒ4",
"ﾚﾒ4",
"ﾖｺﾒ3",
"ﾗｷﾒ4",
"ﾗｼﾒ3",
"ﾖﾒ4",
"ﾗｸｷﾒﾒ",
"ｸﾒ4",
"ｷﾒ5",
"ｼ+ﾒ6",
"ｼｼﾒ3",
"ｼｼﾒ3",
"ﾖﾒｼﾒ3",
"ﾗｼﾒ3",
"ﾗﾒ4",
"ﾗﾒ4",
"ｸｺﾖﾚﾄ",
"ﾖﾖﾒ4",
"ｷﾂﾚﾚﾒ",
"ｸﾂﾒ4",
"ﾚﾗﾒ3",
"ｷﾚﾒ3",
"ｸｼﾒ4",
"ﾂﾒ4",
"ﾖﾒｼﾒ3",
"ﾗﾗﾚﾚｼ",
"ｷｷﾒ4",
"ﾖﾄﾒ4",
"ｼﾒ3",
"ｷﾄﾒ5",
"ｼﾂﾒ2",
"ｷﾂﾒ3",
"ﾖｼﾒ4",
"ｼｼﾒ3",
"ﾂﾒ5",
"ｷｺﾒﾗﾒ",
"ﾗｼﾒ3",
"ﾗﾒ4",
"ﾚｼﾒ3",
"ｷﾒ3",
"ﾖﾖｼﾒ3",
"ｷﾒ5",
"ｸﾖｼﾒ3",
"ｷﾄﾒ3",
"ﾂﾒ4",
"ｼｷｼ+ﾒ4",
"ﾖﾂﾒ4",
"ｷｼﾒ3",
"ｸﾒ4",
"ﾗﾒ5",
"ﾂﾗﾒ3",
"ﾄﾒ5",
"ｼﾂﾒ3",
"ﾚｼｸﾒ",
"ﾄﾒ4",
"ｷﾖﾒ4",
"ｼｼﾒ4",
"ｸﾒ4",
"ｼﾒﾂﾂﾒ",
"ﾗｸﾒ4",
"ﾖﾖﾒ4",
"ﾗﾒ5",
"ｸﾒ4",
"ﾚﾒ4",
"ﾚｸﾒ3",
"ﾖｺﾒ5",
"ｸｷｺﾒﾒ",
"ｺﾂﾒ3",
"ｷｺﾒ3",
"ｸﾒﾂﾒﾒ",
"ｼｺﾒ4",
"ｸﾒ4",
"ｸｼﾒ2",
"ﾖﾒｼﾒ4",
"ﾂﾖﾒ5",
"ｷﾗﾒ5",
"ﾚｼｼﾒ3",
"ﾚﾒ4",
"ｸﾒ5",
"ﾖﾒ4",
"ﾖｺｼﾒ3",
"ﾚｼﾒ3",
"ﾖﾒﾗﾒ3",
"ﾗﾒ4",
"ｷﾗﾒ3",
"ﾚﾒ5",
"ﾖｼﾒ3",
"ﾖｼﾒ3",
"ｺﾒ4",
"ﾖｷﾂﾒ2",
"ﾖｼﾄﾒ2",
"ﾗﾒ4",
"ﾖｼﾄﾗﾗﾒ",
"ﾂﾒ4",
"ｷｺﾒ4",
"ｸｼﾒ4",
"ｸｷﾒ5",
"ｺﾒ5",
"ﾄﾚﾒ3",
"ﾂﾒ3",
"ｸｼﾒ2",
"ｸﾒ3",
"ﾖｼﾒ2",
"ﾖﾒ3",
"ﾖｸﾒ2",
"ﾖﾒ3",
"ｸﾒ4",
"ﾖｼﾒ4",
"ﾗｷﾒ3",
"ｸﾒ6",
"ｸｺﾒ3",
"ﾖｸﾒ4",
"ﾖﾄﾒ4",
"ｼﾖｸｺﾂ",
"ﾖﾒ4",
"ﾂﾒﾚﾗﾗ",
"ﾄﾒ5",
"ｺﾖﾒ4",
"ﾚﾒ5",
"ﾖﾄｼﾒ3",
"ｼｼﾒ3",
"ｷｼﾒ4",
"ﾂﾒ4",
"ﾖﾄｼﾒ4",
"ｸﾚﾒ3",
"ﾗｺﾒ3",
"ｷﾒ4",
"ﾖｷﾒ3",
"ｼﾒ5",
"ﾄｼﾒ5",
"ｷｼﾒ4",
"ﾖｺﾒ3",
"ﾖﾂｼﾒ3",
"ﾂﾒ4",
"ﾗｼﾒ3",
"ｼﾒ3",
"ﾗﾒ5",
"ﾖﾒ4",
"ﾖｼﾒ5",
"ﾂｺﾒｼﾒ",
"ｷﾒ4",
"ﾗｸﾂﾒﾒ",
"ﾖｷﾒ4",
"ﾗｺﾒ3",
"ｼﾖﾚﾒ3",
"ｺﾒ4",
"ｷｷﾒ4",
"ﾖﾒ4",
"ﾖｼﾒ4",
"ﾗﾄｼﾒ2",
"ﾖﾚｼﾒ4",
"ｸﾒ5",
"ﾖﾚﾒ3",
"ﾖﾒ5",
"ｺﾖﾒ5",
"ｸﾂﾒ4",
"ｸﾚﾒ4",
"ｺｼﾒ4",
"ﾖﾗｼﾒ4",
"ｷｼﾒ4",
"ﾄﾚﾒ4",
"ｷﾖｼﾒ4",
"ｷﾂﾒ4",
"ｼﾒ4",
"ﾖｺﾒ5",
"ｸﾚﾒ4",
"ﾖﾚﾒ4",
"ｸﾒ4",
"ｺﾒ4",
"ｷｼﾒ5",
"ｸﾒ4",
"ｺｷﾒ3",
"ﾗﾒ5",
"ｸｺﾒ4",
"ｺﾂﾒ4",
"ｼｼﾒ3",
"ﾗｼﾒ3",
"ｷｼﾒ3",
"ｷｼﾒ4",
"ﾖﾄﾄﾒ3",
"ｼﾒ4",
"ｷｸｺﾄﾒ2",
"ｸﾒ4",
"ｺｷﾒ3",
"ﾄﾖﾒ3",
"ｸﾂﾒ3",
"ｼﾒ4",
"ｷﾒﾖ+ﾒ4",
"ｸﾖﾖ+ﾒ4",
"ﾖｼﾒ3",
"ﾖﾂﾒ4",
"ｸ3ﾒ4",
"ﾄﾒ4",
"ﾗﾗﾒ4",
"ﾖﾂﾒ4",
"ﾗｷｼﾒ4",
"ﾖﾒ5",
"ﾄﾒ4",
"ﾖﾒ5",
"ｼﾒ2",
"ｼﾒ2",
"ｼｺﾒ4",
"ｸｺﾒ4",
"ｷﾒ5",
"ｷﾒ4",
"ﾗｼｷﾒ3",
"ﾗｸｼﾒ3",
"ﾗﾒ3",
"ｸｼﾒ4",
"ｺｼﾒ4",
"ｼﾒ4",
"ﾖｼﾚｷﾖﾖ",
"ﾖｸｼﾒ3",
"ｺｼﾒ3",
"ｼｼﾒ3",
"ﾖﾚﾒ4",
"ﾄｼﾒ3",
"ﾖﾂｼﾒ2",
"ｷﾒ4",
"ｷｼﾒ3",
"ｸﾒ4",
"ﾗｺﾒ3",
"ﾚﾗｺﾄﾖ",
"ﾂﾒ4",
"ﾄﾂﾒ3",
"ﾄｼﾒ3",
"ﾗﾚﾒ3",
"ｸﾒ4",
"ｺﾒ4",
"ﾒ",
"ｸｷﾚﾂﾒ",
"ﾚﾒ4",
"ｷｼﾒ3",
"ｷﾒ4",
"ｸｼﾒ3",
"ｺｺﾖﾚﾒ",
"ﾗﾖﾄﾗﾒ",
"ｼｷﾒ3",
"ﾖｼﾒ5",
"ﾖｸｷﾒ3",
"ﾖﾂﾚｼﾚｷ",
"ｺﾖﾒ4",
"ﾄﾒ4",
"ﾖｼﾒ4",
"ｸﾚﾒ4",
"ｷﾚｼﾒ3",
"ｷｺﾒ5",
"ｸﾒ5",
"ｷｷﾚｼｷ",
"ﾖﾗｼﾒ4",
"ﾚﾖｼﾒ4",
"ｷｺｼﾒ4",
"ｺﾂﾒ3",
"ｸﾒ4",
"ｷﾒ4",
"ｼﾂﾒ3",
"ﾖｼﾒ4",
"ﾖﾒ5",
"ﾖｷﾒ4",
"ｼﾄﾒ3",
"ｼﾂﾒ4",
"ｺﾒ4",
"ｼﾒ4",
"ﾖｸｼﾒ4",
"ｸｼﾒ3",
"ｸｼﾒ3",
"ﾄﾒ4",
"ｷｼｼﾒ4",
"ｷｷﾒ4",
"ｷｷﾒ4",
"ｸｷﾒ4",
"ｸﾖﾒ4",
"ｸﾚﾒ4",
"ｸｼﾒ3",
"ｼｼﾒ4",
"ﾚﾒ4",
"ﾚｼﾒ3",
"ﾒ",
"ｷﾒ4",
"ﾖﾒｼﾒ3",
"ﾗｼﾒ4",
"ｷﾗﾒ4",
"ﾒ",
"ﾒ",
"ﾖﾒﾂﾒ4",
"ｸﾖﾒ4",
"ﾒ",
"ﾖﾒ5",
"ﾖｷﾖﾂﾒ",
"ｼｷﾒ3",
"ｺﾚﾂﾒ3",
"ｼｸﾒ4",
"ｸﾄﾒ2",
"ｸﾒ3",
"ﾖｷﾒ4",
"ﾖｼﾒ4",
"ﾖﾚﾒ5",
"ｸﾖﾒ4",
"ﾖﾒ5",
"ﾗﾂ+ﾒ3",
"ｷﾒ5",
"ｸｼﾒ4",
"ﾖﾒ3",
"ﾚﾒ4",
"ｼﾂﾒ3",
"ﾚｼﾒ3",
"ｸｼﾒ3",
"ｺｼﾒ3",
"ﾂ+ﾒ4",
"ﾖﾒ5",
"ｼﾒ3",
"ｸﾒ4",
"ﾖｼﾒ3",
"ﾗﾒ4",
"ｸｼﾒ3",
"ｸﾒ4",
"ｷｼﾒ3",
"ﾖﾒｼﾒ4",
"ｸｼｼﾒ2",
"ｸﾚﾒ3",
"ｸﾗﾒ3",
"ｺﾒ4",
"ｷｸｸﾒ2",
"ｺｼｷﾄﾒ",
"ｷｸﾒ4",
"ﾖｷﾒ4",
"ﾖﾒｷﾒ4",
"ﾖﾖﾒ5",
"ﾄﾒ5",
"ﾗｼﾒ4",
"ｷｸﾒ4",
"ﾖｷﾒ3",
"ﾖﾚﾒ3",
"ﾖﾖﾚﾗｸｷ",
"ﾖｼﾒﾒｼｷ",
"ﾄｸｸﾒﾒ",
"ｷﾚﾒ4",
"ﾄﾒ4",
"ｸﾒ4",
"ﾖﾖﾒ5",
"ｺｺﾒ4",
"ﾂﾒ4",
"ﾚﾒ4",
"ｸﾒ4",
"ｷﾚﾒ4",
"ｷ+ﾒ5",
"ﾗｼﾒ3",
"ｺｼﾒ3",
"ｷｺﾒ3",
"ﾗﾒｼﾒ4",
"ﾖﾂｼﾒ3",
"ﾂｷﾒ3",
"ｸﾒ5",
"ｷﾗﾚﾄﾒﾒ",
"ｷﾗﾒ3",
"ｷﾒ4",
"ﾗﾒ4",
"ｼﾒ4",
"ﾗﾄﾄｼﾒ",
"ﾖｼﾒ2",
"ﾖｼﾒ2",
"ﾖﾄﾒ5",
"ﾗﾖﾒ3",
"ｺｺﾒ3",
"ﾗﾂﾒ4",
"ｷｷﾒ4",
"ｷﾒ4",
"ﾖﾖﾒ3",
"ﾄﾖﾒ2",
"ｸｺﾒ3",
"ｺｼﾒ3",
"ﾂｷﾒ4",
"ｺｼﾒ4",
"ｷｸﾒ4",
"ﾖｷﾒ4",
"ｼﾒ4",
"ｸｷﾒ4",
"ﾖｸｼﾒ3",
"ﾖﾚﾒ3",
"ﾚﾒ4",
"ｸﾒ4",
"ﾖｷﾒ4",
"ﾖﾖﾒ4",
"ｷﾒﾚﾒ2",
"ｼｼﾒ4",
"ｼﾄﾒ4",
"ｸｼﾒ3",
"ﾖﾂﾒ4",
"ﾖﾒ4",
"ｷﾒ4",
"ｸｼﾒ3",
"ﾖﾄﾒ4",
"ﾒ",
"ﾒ",
"ﾂﾒ3",
"ｸﾒ5",
"ﾂﾒ3",
"ﾖｼｷﾒ4",
"ﾖｼﾒ4",
"ﾗﾚｸﾄﾗｺ",
"ｷﾒ4",
"ｸﾚﾒ3",
"ｼｺﾒ4",
"ﾖｼﾒ3",
"ﾖﾂﾒ3",
"ﾗﾚﾂｺﾂﾒ",
"ﾂﾖﾒ4",
"ﾗﾗｼﾒ2",
"ｸﾒ5",
"ｸﾒ5",
"ｸﾗｼﾒ3",
"ｷﾒ4",
"ﾗﾒ4",
"ﾚﾒ3",
"ｷｺｷﾒ4",
"ｷﾒ5",
"ｼﾒ4",
"ｸｸﾒ3",
"ｸﾗﾒ4",
"ｸｼﾒ3",
"ﾖｷﾄｺﾂﾗ",
"ﾒ",
"ｸｼﾒ3",
"ｷｼﾒ3",
"ｷﾖﾒ5",
"ﾖﾖﾄﾗﾖ",
"ﾖﾚﾂﾒ2",
"ﾚｼﾒ3",
"ﾖｼﾒ3",
"ﾖｷﾒ2",
"ﾖｷﾒ2",
"ﾖｷﾒ2",
"ﾖｷﾒ2",
"ﾖｷﾒ2",
"ﾖｷﾒ2",
"ﾖｷﾒ2",
"ﾖｷﾒ2",
"ﾖｷﾒ2",
"ﾖｷﾒ2",
"ｷﾒ3",
"ﾖﾗﾒ5",
"ﾗｼﾒ3",
"ﾖﾒｸﾒ4",
"ﾚｼﾒ3",
"ｼﾒ4",
"ｸﾒ3",
"ｷｺﾒ3",
"ﾖｸｷﾒ4",
"ﾂﾖﾒ3",
"ﾖｷﾒ4",
"ｷﾒ4",
"ﾚｺﾒ4",
"ﾖﾚﾒ3",
"ｷﾗﾒ3",
"ﾖﾖﾒ4",
"ｸﾄｸﾒ2",
"ｷﾒ4",
"ｸﾚﾒ3",
"ﾖﾚﾒ3",
"ｸﾖﾒ3",
"ﾒ",
"ｸﾒﾂ3",
"ﾖｺｷﾂﾗ",
"ｷｷﾒ4",
"ﾖﾗｺｼﾒ2",
"ﾖﾖﾒ4",
"ｺﾖﾒ4",
"ﾂﾒ4",
"ﾚﾒ4",
"ﾖﾒ5",
"ｷ+ﾒ4",
"ｷﾒ4",
"ｷﾒ4",
"ｷﾒ4",
"ﾖｸﾒ3",
"ｷﾒ3",
"ｼﾒ4",
"ｼﾂﾒ3",
"ﾂﾒ4",
"ｸｺﾚﾗﾖ",
"ｸﾒ4",
"ﾂｼｸﾄﾂ",
"ﾄ4ｼﾖ",
"ﾖﾂｷﾒ4",
"ｺｺﾒ4",
"ｷｷﾒ3",
"ｷﾒ5",
"ｷﾒ5",
"ﾗﾂﾒｺﾚｼ",
"ﾗﾒ4",
"ﾗｼｸﾗﾂ",
"ｸﾒﾒｷｺ",
"ｺﾒ4",
"ﾄﾄｷﾗｺ",
"ﾚ+ﾒ5",
"ﾖﾒ2ﾖﾒ3",
"ｸﾒ5",
"ｷｼﾒ4",
"ｷﾚﾒ4",
"ｼﾗﾒ3",
"ﾖﾒ5",
"ｸﾒ4",
"ﾚｼﾒ3",
"ﾖﾒ3",
"ｷｺﾒ4",
"ﾒ",
"ﾒ",
"ﾖﾒ4",
"ｼﾒ5",
"ﾗｼﾒ3",
"ﾂﾒ3",
"ｺﾒ4",
"ｷﾂﾒ4",
"ｸﾒ4",
"ﾖﾒﾒﾚﾒﾒ",
"ｷｼﾒ4",
"ﾖｺｸﾒ4",
"ﾒ",
"ﾗｼ+ﾒ3",
"ﾗﾒ4",
"ｷﾒｷﾂﾒﾂ",
"ﾖﾄｼﾚﾂﾒ",
"ﾖﾂﾒ3",
"ﾖﾄｼﾒ4",
"ﾚﾒ4",
"ｼﾖﾒ4",
"ｸﾖﾒ4",
"ｷﾗﾒ4",
"ｸﾒ4",
"ﾗﾒ3",
"ｼｼﾒ3",
"ﾖﾚﾒ4",
"ﾂﾒ4",
"ﾖﾄﾒ4",
"ﾗﾚﾒ4",
"ﾗﾒ5",
"ｺﾒｼﾒ3",
"ｼﾒ4",
"ﾂﾒ3",
"ﾖﾒ4",
"ｷｷﾒ3",
"ｼﾒ3",
"ﾖﾒﾚﾒ4",
"ｷﾒ5",
"ｷﾂ+ﾒ5",
"ｸｼﾒ3",
"ｼﾗﾒ3",
"ｺﾒ4",
"ｷｸｼﾒ4",
"ｼｼﾒ4",
"ｸｷﾒ4",
"ｷｼﾒ2",
"ｼﾒ3",
"ﾗﾖ+ﾒ3",
"ｷﾂﾒ3",
"ｷﾖﾒ5",
"ﾖﾖｸﾒ3",
"ｷﾒ4",
"ｷﾒ4",
"ﾂﾒ4",
"ﾖﾒ3",
"ｸﾖﾒ4",
"ｸﾖﾒ4",
"ｸﾖﾒ4",
"ｷﾒ4",
"ﾖｼﾒ3",
"ｷﾒ3",
"ﾖﾒ3",
"ｼﾖｸﾒ3",
"ｸﾒ4",
"ｸﾒ4",
"ｸﾒ4",
"ﾖｼﾒ3",
"ﾖﾒ4",
"ｼﾒ5",
"ﾖﾒｺ+ﾒ3",
"ﾚﾂｼ+ﾒ2",
"ﾚﾒ4",
"ﾖｺｷﾒ4",
"ﾖﾒﾂｼﾗﾚﾗ",
"ﾖﾒ5",
"ﾚｼﾒ3",
"ﾚｼﾒ3",
"ｸﾚﾒ3",
"ﾖﾂﾒ3",
"ｷｼ+ﾒ3",
"ｺｼﾒ3",
"ﾖﾒ3",
"ﾖﾒ3",
"ｷﾒ4",
"ﾖｸﾒ3",
"ﾖｺﾒ3",
"ﾖｼﾒ3",
"ﾖｼﾒ3",
"ﾒ",
"ﾂｼﾒ4",
"ﾖﾄﾒｼ",
"ｷｷ+ﾒ3",
"ﾖｼﾒ3",
"ｸｼﾒ4",
"ﾚﾒ4",
"ｸｸﾒ4",
"ｼﾒ4",
"ﾗﾒ4",
"ｼﾒﾂ2",
"ｸﾒﾒｷﾗ",
"ｸﾚﾒ3",
"ﾖﾒ3",
"ﾂﾒ4",
"ｸﾚﾒ4",
"ｼﾒ3",
"ﾖﾒ6",
"ﾖﾖｼﾒﾒ",
"ﾖﾒ4",
"ﾂﾒ4",
"ﾂﾒ4",
"ｸﾒ4",
"ﾖﾒ4",
"ｼﾒ4",
"ｷﾒ4",
"ﾒ",
"ｷｼﾒ3",
"ﾗｼﾒ3",
"ｼﾒ4",
"ｷｼﾒ3",
"ﾂﾒ4",
"ｼﾒ4",
"ｼﾒ3",
"ｼﾒ3",
"ｼﾒ4",
"ｼｷﾒ3",
"ｷﾚﾖﾄﾒﾂ",
"ﾖﾒ4",
"ｷﾒ4",
"ﾗﾒ5",
"ｷｺﾒ5",
"ｸﾖﾒ3",
"ﾖｺﾒ4",
"ｷﾒ4",
"ﾖｷﾒ4",
"ﾖｷｼﾒ3",
"ﾂﾒ4",
"ﾖｼﾒ4",
"ﾖﾂﾒ3",
"ﾖｼﾒ3",
"ｸﾒ3",
"ﾖｺﾖﾂﾚｷ",
"ﾂﾒ4",
"ﾗﾒ4",
"ﾗﾒ4",
"ｼﾒ4",
"ﾗﾒ4",
"ﾖﾒ4",
"ｼﾖｼﾒ3",
"ﾚｼﾒ3",
"ﾖﾒ3",
"ｷﾄﾖｺﾒ",
"ｼ+ﾒ4",
"ｷﾒ4",
"ｷｺﾂﾒﾒ",
"ﾒ",
"ﾖｷﾗｸｼｷ",
"ｷﾒ3",
"ｷﾂﾒ3",
"ｸﾄﾒ3",
"ﾂﾒ3",
"ｷﾒ4",
"ﾗﾒ3",
"ﾄ+ﾒ4",
"ｷﾚﾒ4",
"ｷﾖｸﾒ3",
"ﾖﾒ3",
"ﾖｼﾒ2",
"ｸﾒ3",
"ﾖﾖﾒ3",
"ﾂﾒ3",
"ﾖﾒ4",
"ﾖﾒ4",
"ｸﾒ3",
"ﾖﾒ3",
"ﾖﾒ4",
"ｼﾒ3",
"ﾚﾒ3",
"ｷｼﾒ2",
"ｷﾒｼﾚｺｺ",
"ｸﾒ4",
"ﾖﾒ3",
"ﾖﾒｸｸﾒ3",
"ｸﾒ4",
"ﾖﾂﾒ3",
"ﾖﾂﾒ3",
"ﾖﾂﾒ3",
"ﾂｼﾒ3",
"ﾖｷﾒ4",
"ｷｺﾒ4",
"ｺﾗ+ﾒ4",
"ｷｼﾒ3",
"ｷﾒ3",
"ｷﾖﾒ3",
"ｷｼﾒ2",
"ﾖﾒ4",
"ｷｼﾒ3",
"ｼｸﾒ4",
"ｸﾒ3",
"ﾗﾗ+ﾒ3",
"ﾖﾖ5",
"ﾚｼﾒ3",
"ﾖﾖﾒ4",
"ﾄｷﾒ3",
"ﾄｼﾒ3",
"ﾄｷﾒ3",
"ﾄｷﾒ4",
"ｼｼﾒ4",
"ﾖﾚﾒ4",
"ｷﾚｷｺﾒ",
"ﾖﾖﾒ3",
"ﾖﾒ1",
"ﾖﾒ1",
"ﾖﾒ2",
"ﾄﾒ4",
"ｸﾒ3",
"ｼﾒ3",
"ﾖﾖｸｷﾒ3",
"ﾖﾒｷﾒﾖﾒﾒ",
"ｼﾖｸｺﾒ2",
"ｼﾖﾂﾚﾒ2",
"ｼﾖｸｺﾒ2",
"ｺﾒ4",
"ﾂｼﾒ4",
"ｸｸﾒ4",
"ﾖﾒ3",
"ｼｷｷﾖﾗﾗ",
"ﾖｼﾒ3",
"ｼﾒ4",
"ｷﾂﾒ3",
"ｷｼﾖｼｷ",
"ｺｸﾄｸﾒ",
"ﾗﾗﾄ+ﾒ2",
"ﾗﾗﾂ+ﾒ2",
"ﾗﾗﾂ+ﾒ2",
"ｺﾒ4",
"ｼﾒ4",
"ｺﾒ4",
"ｼﾒ4",
"ｼｷﾒ4",
"ｸｺｼﾒ3",
"ｸｼｼﾒ3",
"ｺｸﾒ4",
"ﾗﾒｷﾒﾗ",
"ﾖｼﾂﾚﾒ2",
"ｼﾒ2",
"ｼﾒ2",
"ｼﾒ2",
"ｼﾒ2",
"ｼﾒ2",
"ｼﾒ2",
"ｼﾒ2",
"ｼﾒ2",
"ｼﾒ2",
"ｷﾒ3",
"ｼﾒ2",
"ｼﾒ2",
"ｼﾒ2",
"ｼﾒ2",
"ｼﾒ2",
"ﾖﾒ4",
"ﾖｸｼﾒ4",
"ﾖﾒﾗﾚﾗｷ",
"ｷﾖｼﾂｸｷ",
"ｷﾒﾗｷﾒﾒ",
"ﾗｸﾗﾒﾒ",
"ﾖﾖﾒ5",
"ｼﾒ4",
"ｷﾒ4",
"ﾖﾒ4",
"ｼﾒ4",
"ﾒ",
"ｸｷﾒ3",
"ﾖｼﾒ2",
"ｷｺﾒ4",
"ﾗﾒ3",
"ﾖﾗｼﾖｷﾗ",
"ｼﾚﾒ3",
"ｸｼﾒ4",
"ｼﾒ3",
"ﾖﾒｼﾒ4",
"ﾗﾒ3",
"ｸｷﾒ3",
"ｸﾒ3",
"ｸﾂﾒ3",
"ｼﾒ2",
"ﾖﾒ3",
"ﾖﾒ3",
"ﾖﾒ3",
"ﾖﾒ3",
"ﾒ1",
"ｼﾒ4",
"ｷﾖｼﾒ3",
"ﾖﾒ3",
"ﾖﾖｺｼﾒﾒ",
"ｷﾚﾒ3",
"ｼﾒ2",
"ｷﾒ3",
"ﾒ",
"ﾖｷﾒ4",
"ﾖﾒ5",
"ﾗｼﾒ3",
"ｸﾒ4",
"ﾗﾒ4",
"ﾖｸﾒ4",
"ﾖｼｸﾗﾖﾒ",
"ﾖｼﾚｺﾗｷ",
"ｷﾗｷｸﾒ2",
"ｸﾖﾂﾗﾒﾒ",
"ﾗｺﾚｺﾒﾒ",
"ﾗﾖｼﾒ3",
"ﾗﾖｼﾒ3",
"ｷﾚｺﾒ3",
"ｷﾗﾂﾗﾒﾒ",
"ﾄﾒ4",
"ｷﾒ4",
"ﾖｷﾒ4",
"ｷﾒ3",
"ｸﾒ3",
"ｼﾒ3",
"ﾄﾒ4",
"ｷﾒ4",
"ﾖﾒ4",
"ｷﾒ4",
"ﾖｼﾒ2",
"ｷﾒ4",
"ﾖﾒ4",
"ﾖﾒｼｷｺｺ",
"ﾂｼﾒ3",
"ﾖｷﾒ4",
"ｸﾒ4",
"ｼﾒ3",
"ｼﾒ3",
"ﾖｼﾒ3",
"ﾖﾄﾚｷﾗｺ",
"ｼﾒ3",
"ｺﾒ2",
"ﾂﾗﾂﾒ2",
"ﾗﾒ4",
"ﾗﾖﾒ3",
"ｼﾒﾂﾒ3",
"ﾚｼﾒ3",
"ｼﾚﾒ3",
"ｷﾒ4",
"ﾒ1",
"ﾗﾒ5",
"ｸｼﾒ3",
"ｷﾄﾒ4",
"ﾖﾒ4",
"ﾗﾗ+ﾒ3",
"ﾗﾄ+ﾒ3",
"ｼﾒ4",
"ﾖﾒ3",
"ｸﾒ3",
"ﾖｷｼﾒ3",
"ﾖｸﾒ3",
"ｺﾒ3",
"ﾖﾒ4",
"ｼﾂﾒ4",
"ｷﾒｼﾒ3",
"ﾗﾒ4",
"ﾖｷﾒﾂﾗﾒ",
"ﾚﾖﾒ4",
"ﾚﾒ4",
"ｷﾒｼﾒ4",
"ｺｼﾒ3",
"ﾂﾒ4",
"ｸｼﾒ4",
"ｺﾒ4",
"ﾖｸﾒ4",
"ﾚﾒ4",
"ｸﾒ3",
"ｼﾒ3",
"ﾖﾒ3",
"ﾖﾒ4",
"ﾖﾒ3",
"ｼﾒ4",
"ｼﾒ3",
"ｸｼﾒ3",
"ｷﾒ4",
"ｸﾖｼ+ﾒ3",
"ｷｼﾒ2",
"ﾂﾒ3",
"ﾂﾒ3",
"ﾖﾖﾒ4",
"ﾄﾒ4",
"ｼｷﾒ3",
"ｼｼﾒ3",
"ｼﾐﾒ2",
"ﾗﾖｼﾒ2",
"ｼﾒ3",
"ｸｺﾒ3",
"ｷｼﾒ4",
"ﾗｼﾒ4",
"ｸｺﾒ4",
"ｼｷﾂﾒ3",
"ｷｼｸﾒ3",
"ｼﾒ3",
"ﾗﾒ3",
"ﾗﾒ3",
"ﾗﾒ3",
"ﾖﾄﾒ4",
"ｼﾒ4",
"ﾚﾒ4",
"ﾗﾒ4",
"ｸｷﾒ4",
"ｼﾒ3",
"ｼﾒ3",
"ﾚﾒ4",
"ｸｼﾒ3",
"ﾄﾒ4",
"ｸﾒ4",
"ｼﾒ4",
"ｼﾒ4",
"ｼﾒ4",
"ｸﾒ4",
"ｸﾒ4",
"ﾂﾒ3",
"ｷﾒ3",
"ｷｷﾒ4",
"ｼﾄﾒ4",
"ｷｷﾒ4",
"ﾖﾒｼﾒ4",
"ｸﾄﾒ4",
"ﾖﾖｷﾒ4",
"ｼｼﾒ2",
"ｺﾒ3",
"ｸﾒ4",
"ﾖｷﾒ3",
"ﾗﾒ3",
"ﾗﾒ3",
"ｷﾒ4",
"ﾖﾒ3",
"ﾖﾒ3",
"ﾖﾄﾒ4",
"ﾖﾒ4",
"ｺﾒ5",
"ｼｸﾒ4",
"ｷｷﾒ4",
"ﾂﾒ5",
"ｺﾒ5",
"ﾗﾒ3",
"ﾖﾒ4",
"ﾄﾒ4",
"ﾖﾒ4",
"ｼﾒ2",
"ｼﾒ3",
"ｼﾒ2",
"ﾚｸ+ﾒ3",
"ﾚｸ+ﾒ3",
"ﾂ+ﾒ4",
"ｸｸ+ﾒ5",
"ｺｼﾒ4",
"ﾚﾒ5",
